Workbook

Sheet Summary
A1: Demoblaze — Login & Cart Test Cases
A2: Application under test: https://www.demoblaze.com/
A3: Scope: Login (incl. session/logout) and Cart (add, view, delete, total, place order); API and performance checks on the 'API & Performance' sheet
A5: Coverage by type
A6: Type | B6: Login | C6: Cart | D6: Total
A7: Functional | B7: =COUNTIF(Login!$E$2:$E$200,A7) | C7: =COUNTIF(Cart!$E$2:$E$200,A7) | D7: =B7+C7
A8: Negative | B8: =COUNTIF(Login!$E$2:$E$200,A8) | C8: =COUNTIF(Cart!$E$2:$E$200,A8) | D8: =B8+C8
A9: Edge | B9: =COUNTIF(Login!$E$2:$E$200,A9) | C9: =COUNTIF(Cart!$E$2:$E$200,A9) | D9: =B9+C9
A10: Total | B10: =SUM(B7:B9) | C10: =SUM(C7:C9) | D10: =SUM(D7:D9)
A12: Coverage by priority
A13: Priority | B13: Login | C13: Cart | D13: Total
A14: High | B14: =COUNTIF(Login!$F$2:$F$200,A14) | C14: =COUNTIF(Cart!$F$2:$F$200,A14) | D14: =B14+C14
A15: Medium | B15: =COUNTIF(Login!$F$2:$F$200,A15) | C15: =COUNTIF(Cart!$F$2:$F$200,A15) | D15: =B15+C15
A16: Low | B16: =COUNTIF(Login!$F$2:$F$200,A16) | C16: =COUNTIF(Cart!$F$2:$F$200,A16) | D16: =B16+C16
A18: Execution status
A19: Status | B19: Login | C19: Cart | D19: Total
A20: Not Run | B20: =COUNTIF(Login!$L$2:$L$200,A20) | C20: =COUNTIF(Cart!$L$2:$L$200,A20) | D20: =B20+C20
A21: Pass | B21: =COUNTIF(Login!$L$2:$L$200,A21) | C21: =COUNTIF(Cart!$L$2:$L$200,A21) | D21: =B21+C21
A22: Fail | B22: =COUNTIF(Login!$L$2:$L$200,A22) | C22: =COUNTIF(Cart!$L$2:$L$200,A22) | D22: =B22+C22
A23: Blocked | B23: =COUNTIF(Login!$L$2:$L$200,A23) | C23: =COUNTIF(Cart!$L$2:$L$200,A23) | D23: =B23+C23
A24: Pass rate (executed) | D24: =IFERROR(D21/(D21+D22+D23),0)
A26: Automation candidates | D26: =COUNTIF(Login!$M$2:$M$200,"Yes")+COUNTIF(Cart!$M$2:$M$200,"Yes")
A27: Suspected defects (see Findings) | D27: =COUNTIF(Findings!$A$2:$A$200,"DEF-*")
A28: API / E2E / Performance cases (passed / total) | D28: =COUNTIF('API & Performance'!$G$2:$G$200,"Pass")&" / "&COUNTA('API & Performance'!$A$2:$A$200)
A29: How to use
A30: • Yellow cells (Actual Result, Status on Login/Cart; 'Confirmed on run?' on Findings) are the only cells to fill in.
A31: • Status: pick Not Run / Pass / Fail / Blocked from the dropdown; this summary updates automatically.
A32: • Type: Functional = expected business flow; Negative = invalid input or misuse; Edge = boundaries, unusual states, consistency.
A33: • Expected Result states the correct behaviour. Where the app is suspected to differ, Notes links a Findings ID.
A34: • Preconditions that need accounts use data/accounts.json (not committed).
A35: • Merged or added cases, and why, are listed on the 'Change Log' sheet. Removed IDs are not reused.

Sheet Login
A1: TC ID | B1: Module | C1: Sub-feature | D1: Title | E1: Type | F1: Priority | G1: Preconditions | H1: Test Data | I1: Steps | J1: Expected Result | K1: Actual Result | L1: Status | M1: Automate | N1: Notes
A2: LOGIN-001 | B2: Login | C2: Login modal | D2: Open the Log in modal from the navbar; password is masked | E2: Functional | F2: High | G2: User is logged out; on home page | H2: Any password | I2: 1. Click 'Log in' in the navbar 2. Type a password into the Password field | J2: Modal titled 'Log in' opens with Username and Password fields, 'Close' and 'Log in' buttons; Password characters are masked (input type=password) | K2: As expected on Chromium and WebKit. (Automated run 2026-09-27) | L2: Pass | M2: Yes | N2: Merged LOGIN-007 (2026-09-26)
A3: LOGIN-002 | B3: Login | C3: Login | D3: Log in with valid credentials | E3: Functional | F3: High | G3: User is logged out; Registered account from data/accounts.json | H3: Valid username / password | I3: 1. Open Log in modal 2. Enter valid username and password 3. Click 'Log in' | J3: Modal closes, page reloads; navbar shows 'Welcome <username>' and 'Log out'; 'Log in' and 'Sign up' are hidden | K3: As expected on Chromium and WebKit. (Automated run 2026-09-27) | L3: Pass | M3: Yes | N3: Core happy path
A4: LOGIN-003 | B4: Login | C4: Session | D4: Session persists across reload, navigation and a new tab | E4: Functional | F4: High | G4: User is logged in | H4: - | I4: 1. Reload the home page 2. Open a product page 3. Open Cart page 4. Open https://www.demoblaze.com/ in a new tab of the same browser | J4: 'Welcome <username>' remains visible on every page and in the new tab (session cookie shared); user is not asked to log in again | K4: As expected on Chromium and WebKit. (Automated run 2026-09-27) | L4: Pass | M4: Yes | N4: Merged LOGIN-004 (2026-09-26)
A5: LOGIN-005 | B5: Login | C5: Logout | D5: Log out returns the user to the logged-out state | E5: Functional | F5: High | G5: User is logged in | H5: - | I5: 1. Click 'Log out' | J5: User is redirected to index.html; 'Log in' and 'Sign up' visible; 'Welcome' and 'Log out' hidden; tokenp_ cookie removed | K5: As expected on Chromium and WebKit. (Automated run 2026-09-27) | L5: Pass | M5: Yes
A6: LOGIN-006 | B6: Login | C6: Logout | D6: Browser Back after logout does not restore the session | E6: Functional | F6: Medium | G6: User logged in, then logged out | H6: - | I6: 1. Press browser Back 2. Reload the page | J6: Page shows logged-out navbar; no 'Welcome <username>' | K6: As expected on Chromium and WebKit. (Automated run 2026-09-28) | L6: Pass | M6: Yes
A7: LOGIN-008 | B7: Login | C7: Login modal | D7: Close the modal without logging in (Close button and X icon) | E7: Functional | F7: Low | G7: Log in modal is open with credentials typed | H7: Valid username / password | I7: 1. Click 'Close' 2. Reopen modal, click 'X' | J7: Modal closes each time; user stays logged out; no login request is sent | K7: As expected on Chromium and WebKit. (Automated run 2026-09-27) | L7: Pass | M7: Yes
A8: LOGIN-009 | B8: Login | C8: Login | D8: Log in from Cart page and Product page | E8: Functional | F8: Medium | G8: User is logged out; Registered account from data/accounts.json | H8: Valid username / password | I8: 1. Open cart.html and log in 2. Log out, open prod.html?idp_=1 and log in | J8: Login succeeds on both pages; user stays on the same page with 'Welcome <username>' shown | K8: As expected on Chromium and WebKit. (Automated run 2026-09-28) | L8: Pass | M8: Yes | N8: Login modal is duplicated in every page's HTML
A9: LOGIN-010 | B9: Login | C9: Login | D9: Switch account: log out user A, log in user B | E9: Functional | F9: Medium | G9: Two registered accounts | H9: User A, User B | I9: 1. Log in as A 2. Log out 3. Log in as B | J9: Navbar shows 'Welcome <B>'; no data from A is displayed | K9: As expected on Chromium and WebKit. (Automated run 2026-09-28) | L9: Pass | M9: Yes
A10: LOGIN-011 | B10: Login | C10: Validation | D10: Required fields: empty username and/or password | E10: Negative | F10: High | G10: Log in modal is open | H10: Set 1: Username='' / Password='' Set 2: Username='' / Password=valid Set 3: Username=valid / Password='' | I10: For each data set: 1. Fill the fields as given 2. Click 'Log in' | J10: Every set: alert 'Please fill out Username and Password.'; no login request sent; user stays logged out | K10: As expected on Chromium and WebKit, all 3 data sets. (Automated run 2026-09-27) | L10: Pass | M10: Yes | N10: Confirmed in client source (logIn()) | Merged LOGIN-012 and LOGIN-013 as data sets 2 and 3 (2026-09-26)
A11: LOGIN-014 | B11: Login | C11: Authentication | D11: Non-existent username | E11: Negative | F11: High | G11: Log in modal is open | H11: Username=random unique string | I11: 1. Enter an unregistered username and any password 2. Click 'Log in' | J11: Alert 'User does not exist.'; user stays logged out | K11: As expected on Chromium and WebKit. (Automated run 2026-09-27) | L11: Pass | M11: Yes
A12: LOGIN-015 | B12: Login | C12: Authentication | D12: Existing username, wrong password | E12: Negative | F12: High | G12: Registered account from data/accounts.json | H12: Valid username / wrong password | I12: 1. Enter valid username and wrong password 2. Click 'Log in' | J12: Alert 'Wrong password.'; user stays logged out | K12: As expected on Chromium and WebKit. (Automated run 2026-09-27) | L12: Pass | M12: Yes
A13: LOGIN-016 | B13: Login | C13: Authentication | D13: Password is case-sensitive | E13: Negative | F13: Medium | G13: Registered account from data/accounts.json | H13: Valid username / password with swapped case | I13: 1. Enter valid username and the password in different case 2. Click 'Log in' | J13: Alert 'Wrong password.'; user stays logged out | K13: As expected on Chromium and WebKit. (Automated run 2026-09-27) | L13: Pass | M13: Yes
A14: LOGIN-017 | B14: Login | C14: Security | D14: SQL injection string in username | E14: Negative | F14: Medium | G14: Log in modal is open | H14: Username=' OR '1'='1 / Password=' OR '1'='1 | I14: 1. Enter the payload in both fields 2. Click 'Log in' | J14: Login is rejected ('User does not exist.'); no server error; user stays logged out | K14: Not automated on purpose: sends a SQL-injection payload to a third-party site. Run manually with the site owner's consent, or on an owned environment. | L14: Not Run | M14: Yes
A15: LOGIN-018 | B15: Login | C15: Security | D15: Script payload in username is not executed | E15: Negative | F15: Medium | G15: Log in modal is open | H15: Username=<script>alert('xss')</script> | I15: 1. Enter the payload and any password 2. Click 'Log in' | J15: Only the app's 'User does not exist.' alert appears; injected script is not executed | K15: Not automated on purpose: sends a script-injection payload to a third-party site. Run manually with the site owner's consent, or on an owned environment. | L15: Not Run | M15: Yes
A16: LOGIN-019 | B16: Login | C16: Session | D16: Tampered session cookie is rejected | E16: Negative | F16: Medium | G16: User is logged out | H16: Cookie tokenp_=invalid-token | I16: 1. Set cookie tokenp_ to an arbitrary value 2. Reload home page | J16: User is NOT shown as logged in; an error is shown (client code alerts 'Bad parameter, token malformed.') | K16: As expected on Chromium and WebKit. (Automated run 2026-09-28) | L16: Pass | M16: Yes
A17: LOGIN-020 | B17: Login | C17: Session | D17: Expired session token | E17: Negative | F17: Low | G17: A token that has expired | H17: Expired tokenp_ cookie | I17: 1. Load any page with an expired token | J17: Alert 'Your token has expired, please login again.'; user shown as logged out | K17: Blocked: no way to obtain an expired token — the token lifetime is not documented and cannot be shortened on a third-party site. | L17: Blocked | M17: No | N17: Manual: requires an expired token; expiry time is not documented
A18: LOGIN-021 | B18: Login | C18: Validation | D18: Whitespace-only username and password | E18: Edge | F18: Medium | G18: Log in modal is open | H18: Username=' ' / Password=' ' | I18: 1. Enter only spaces in both fields 2. Click 'Log in' | J18: Treated as empty: alert 'Please fill out Username and Password.' | K18: Defect reproduced on Chromium and WebKit (DEF-01): Error: expect(received).toBe(expected) // Object.is equality Expected: "Please fill out Username and Password." Received: "Wrong password." (Automated run 2026-09-27) | L18: Fail | M18: Yes | N18: Suspected defect DEF-01: client only checks == '' so spaces are sent to the server
A19: LOGIN-022 | B19: Login | C19: Input handling | D19: Leading/trailing spaces around a valid username | E19: Edge | F19: Medium | G19: Registered account from data/accounts.json | H19: Username=' <valid> ' / valid password | I19: 1. Enter valid username wrapped in spaces 2. Click 'Log in' | J19: Username is trimmed and login succeeds (or a clear, consistent error). Clarify expected rule with PO | K19: Blocked: the expected rule is not defined. Awaiting PO decision. | L19: Blocked | M19: Yes | N19: Client does not trim input
A20: LOGIN-023 | B20: Login | C20: Input handling | D20: Username in different letter case | E20: Edge | F20: Medium | G20: Registered account from data/accounts.json | H20: Username in UPPERCASE / valid password | I20: 1. Enter the valid username in uppercase 2. Click 'Log in' | J20: Behaviour matches the documented rule (case-sensitive usernames -> 'User does not exist.'); must never log in to a different account | K20: Blocked: the expected rule is not defined. Awaiting PO decision. | L20: Blocked | M20: Yes | N20: Clarify rule with PO
A21: LOGIN-024 | B21: Login | C21: Input handling | D21: Very long username and password (1000 chars) | E21: Edge | F21: Low | G21: Log in modal is open | H21: 1000-char strings | I21: 1. Enter 1000 characters in both fields 2. Click 'Log in' | J21: Graceful rejection ('User does not exist.'); no crash, freeze or layout break | K21: As expected on Chromium and WebKit. (Automated run 2026-09-27) | L21: Pass | M21: Yes
A22: LOGIN-025 | B22: Login | C22: Input handling | D22: Unicode / special characters in credentials | E22: Edge | F22: Low | G22: Account registered with unicode username/password | H22: e.g. 'tëst_用户_😀' / 'pässwörd!@#' | I22: 1. Enter the unicode credentials 2. Click 'Log in' | J22: Login succeeds; 'Welcome <unicode username>' renders correctly | K22: As expected on Chromium and WebKit. (Automated run 2026-09-28) | L22: Pass | M22: Yes | N22: Needs a dedicated account (sign up first)
A23: LOGIN-026 | B23: Login | C23: Usability | D23: Submit with Enter key | E23: Edge | F23: Low | G23: Log in modal is open | H23: Valid username / password | I23: 1. Fill both fields 2. Press Enter in Password field | J23: Login is submitted (standard form behaviour) | K23: Defect reproduced on Chromium and WebKit (DEF-08): Error: expect(locator).toHaveText(expected) failed Expected: "Welcome pwexam_muknq2l0_w2_j6pk" Received: "" (Automated run 2026-09-28) | L23: Fail | M23: Yes | N23: Form has no submit button, Enter likely does nothing -> usability issue DEF-08
A24: LOGIN-027 | B24: Login | C24: Concurrency | D24: Double-click the Log in button | E24: Edge | F24: Low | G24: Registered account from data/accounts.json | H24: Valid username / password | I24: 1. Fill valid credentials 2. Double-click 'Log in' quickly | J24: User is logged in once; no duplicate alerts or errors | K24: As expected on Chromium and WebKit. (Automated run 2026-09-28) | L24: Pass | M24: Yes | N24: Manual/exploratory
A25: LOGIN-028 | B25: Login | C25: Login modal | D25: Modal state after a failed attempt | E25: Edge | F25: Low | G25: Log in modal is open | H25: Wrong password | I25: 1. Fail a login 2. Dismiss alert, correct the password 3. Click 'Log in' | J25: Second attempt logs in successfully without reopening the modal | K25: As expected on Chromium and WebKit. (Automated run 2026-09-27) | L25: Pass | M25: Yes
A26: LOGIN-029 | B26: Login | C26: Error handling | D26: Login when the API is unavailable | E26: Negative | F26: High | G26: Log in modal is open; /login request fails (network error or 5xx) | H26: Valid username / password | I26: 1. Block or fail the POST /login request 2. Submit valid credentials | J26: A clear error message is shown (e.g. 'Service unavailable, try again'); modal stays open; user is not left without feedback | K26: Defect reproduced on Chromium and WebKit (DEF-11): Error: The action failed silently: no alert and no inline error message Expected: true Received: false (Automated run 2026-09-28) | L26: Fail | M26: Yes | N26: Suspected defect DEF-11: logIn() has no error callback, so a failed request gives no feedback. Automatable by aborting the route. Expected result follows common industry practice: DemoBlaze publishes no requirement for this. Confirm with PO.
A27: LOGIN-030 | B27: Login | C27: Security | D27: Repeated wrong passwords (brute-force protection) | E27: Negative | F27: Medium | G27: Registered account | H27: Valid username / 10 different wrong passwords | I27: 1. Submit a wrong password 10 times in a row 2. Submit the correct password | J27: After N failures the account or client is throttled (lockout, delay or captcha) and the event is logged | K27: Defect reproduced on Chromium and WebKit (DEF-13): Error: The action failed silently: no alert and no inline error message Expected: true Received: false (Automated run 2026-09-28) | L27: Fail | M27: Yes | N27: Suspected defect DEF-13. Run on the suite's own throwaway account (10 attempts), not as an attack. Expected result follows common industry practice: DemoBlaze publishes no requirement for this. Confirm with PO.
A28: LOGIN-031 | B28: Login | C28: Responsive | D28: Log in on a phone-sized viewport | E28: Functional | F28: Medium | G28: Viewport 390x844 (e.g. iPhone); user is logged out | H28: Valid username / password | I28: 1. Set the viewport to 390x844 2. Check the navbar links 3. Click 'Log in'; check the modal fits the screen 4. Submit valid credentials | J28: Navbar links (Home, Cart, Log in, Sign up) are visible and usable; the Log in modal fits the screen width; login succeeds and 'Welcome <username>' is shown | K28: As expected on Chromium and WebKit. Re-run after a first attempt failed (see Change Log). (Automated run 2026-09-28) | L28: Pass | M28: Yes | N28: Revised 2026-09-28: the site's navbar never collapses at phone width (#navbarExample lacks Bootstrap's 'collapse' class), so the original 'open the hamburger' step does not apply

Sheet Cart
A1: TC ID | B1: Module | C1: Sub-feature | D1: Title | E1: Type | F1: Priority | G1: Preconditions | H1: Test Data | I1: Steps | J1: Expected Result | K1: Actual Result | L1: Status | M1: Automate | N1: Notes
A2: CART-001 | B2: Cart | C2: Add to cart | D2: Guest adds a product to cart | E2: Functional | F2: High | G2: User is logged out | H2: Product: Samsung galaxy s6 | I2: 1. Open the product page 2. Click 'Add to cart' 3. Accept alert 4. Open Cart | J2: Alert 'Product added'; Cart shows 1 row with image, title and price matching the product page; Total = product price | K2: As expected on Chromium and WebKit. (Automated run 2026-09-27) | L2: Pass | M2: Yes | N2: Guest cart is keyed by the 'user' cookie
A3: CART-002 | B3: Cart | C3: Add to cart | D3: Logged-in user adds a product to cart | E3: Functional | F3: High | G3: User is logged in; cart is empty | H3: Product: Nokia lumia 1520 | I3: 1. Open the product page 2. Click 'Add to cart' 3. Accept alert 4. Open Cart 5. Check the cart page layout | J3: Alert 'Product added.'; Cart shows the product with correct title and price; Total = product price; page shows table headers Pic / Title / Price / x, the 'Total' panel and the 'Place Order' button | K3: As expected on Chromium and WebKit. (Automated run 2026-09-27) | L3: Pass | M3: Yes | N3: Core happy path | Merged CART-003 (2026-09-26)
A4: CART-004 | B4: Cart | C4: Total | D4: Total equals the sum of several different products | E4: Functional | F4: High | G4: User is logged in; cart is empty | H4: 3 different products | I4: 1. Add 3 different products 2. Open Cart | J4: 3 rows listed; Total = sum of the 3 prices | K4: As expected on Chromium and WebKit. (Automated run 2026-09-27) | L4: Pass | M4: Yes
A5: CART-005 | B5: Cart | C5: Add to cart | D5: Add the same product twice | E5: Functional | F5: Medium | G5: User is logged in; cart is empty | H5: Same product x2 | I5: 1. Add the same product twice 2. Open Cart | J5: 2 separate rows for the product; Total = 2 x price | K5: As expected on Chromium and WebKit. (Automated run 2026-09-27) | L5: Pass | M5: Yes | N5: No quantity column: duplicates appear as separate rows
A6: CART-006 | B6: Cart | C6: Delete | D6: Delete one item from a multi-item cart | E6: Functional | F6: High | G6: Cart has 2+ items | H6: - | I6: 1. Click 'Delete' on one row | J6: Page reloads; row removed; other rows remain; Total recalculated | K6: As expected on Chromium and WebKit. (Automated run 2026-09-27) | L6: Pass | M6: Yes
A7: CART-007 | B7: Cart | C7: Delete | D7: Delete the last item | E7: Functional | F7: Medium | G7: Cart has exactly 1 item | H7: - | I7: 1. Click 'Delete' | J7: Table is empty; Total is blank / 0 | K7: As expected on Chromium and WebKit. (Automated run 2026-09-28) | L7: Pass | M7: Yes
A8: CART-008 | B8: Cart | C8: Persistence | D8: Logged-in cart persists after logout/login and in a new browser session | E8: Functional | F8: High | G8: User is logged in; cart has items | H8: - | I8: 1. Log out 2. Log in again with the same account 3. Open Cart 4. Open a new browser session (clean cookies), log in, open Cart | J8: Same items and Total in both cases (cart is stored server-side per user) | K8: As expected on Chromium and WebKit. (Automated run 2026-09-27) | L8: Pass | M8: Yes | N8: Cart stored server-side per user | Merged CART-009 (2026-09-26)
A9: CART-010 | B9: Cart | C9: Persistence | D9: Guest cart persists after reload | E9: Functional | F9: Medium | G9: User is logged out; guest cart has items | H9: - | I9: 1. Reload cart.html | J9: Guest items still listed | K9: As expected on Chromium and WebKit. (Automated run 2026-09-28) | L9: Pass | M9: Yes
A10: CART-012 | B10: Cart | C10: Place order | D10: Purchase with all fields filled | E10: Functional | F10: High | G10: User is logged in; cart has items | H10: Name, Country, City, Card=4111111111111111, Month=12, Year=2027 | I10: 1. Click 'Place Order' 2. Verify the modal: title, 'Total: <cart total>', fields Name, Country, City, Credit card, Month, Year, buttons Close and Purchase 3. Fill all fields 4. Click 'Purchase' | J10: Modal shows the cart total and all fields; after Purchase, dialog 'Thank you for your purchase!' with Id, Amount = cart total (USD), Card Number, Name and today's Date | K10: As expected on Chromium and WebKit. (Automated run 2026-09-27) | L10: Pass | M10: Yes | N10: Core happy path | Merged CART-011 (2026-09-26)
A11: CART-013 | B11: Cart | C11: Place order | D11: Purchase with only the required fields (Name, Credit card) | E11: Functional | F11: Medium | G11: Cart has items | H11: Name + Card only | I11: 1. Click 'Place Order' 2. Fill Name and Credit card only 3. Click 'Purchase' | J11: Purchase succeeds with the confirmation dialog | K11: As expected on Chromium and WebKit. (Automated run 2026-09-27) | L11: Pass | M11: Yes
A12: CART-014 | B12: Cart | C12: Place order | D12: Cart is cleared after a successful purchase | E12: Functional | F12: High | G12: Purchase confirmation dialog is shown | H12: - | I12: 1. Click 'OK' 2. Open Cart | J12: Redirected to home page; Cart is empty | K12: Cart empty after OK — verified as the last step of CART-012 and E2E-001 on Chromium and WebKit. (Automated run 2026-09-27) | L12: Pass | M12: Yes | N12: Timing variant (OK clicked immediately) is CART-037
A13: CART-015 | B13: Cart | C13: Place order | D13: Guest can complete a purchase | E13: Functional | F13: Medium | G13: User is logged out; guest cart has items | H13: Valid order data | I13: 1. Place Order as guest 2. Click 'OK' 3. Open Cart | J13: Confirmation shown; guest cart emptied afterwards | K13: As expected on Chromium and WebKit. (Automated run 2026-09-28) | L13: Pass | M13: Yes
A14: CART-016 | B14: Cart | C14: Place order | D14: Close the Place Order modal without purchasing | E14: Functional | F14: Low | G14: Place Order modal is open | H14: - | I14: 1. Click 'Close' (and on a 2nd attempt, 'X') | J14: Modal closes; cart items and Total unchanged; no order created | K14: As expected on Chromium and WebKit. (Automated run 2026-09-27) | L14: Pass | M14: Yes
A15: CART-017 | B15: Cart | C15: Validation | D15: Required order fields: empty Name and/or Credit card | E15: Negative | F15: High | G15: Place Order modal is open | H15: Set 1: all fields empty Set 2: Credit card only (Name empty) Set 3: Name only (Credit card empty) | I15: For each data set: 1. Open Place order and fill the fields as given 2. Click 'Purchase' | J15: Every set: alert 'Please fill out Name and Creditcard.'; no order; modal stays open; cart unchanged | K15: As expected on Chromium and WebKit, all 3 data sets. (Automated run 2026-09-27) | L15: Pass | M15: Yes | N15: Confirmed in client source (purchaseOrder()) | Merged CART-018 and CART-019 as data sets 2 and 3 (2026-09-26)
A16: CART-020 | B16: Cart | C16: Validation | D16: Non-numeric / invalid credit card number | E16: Negative | F16: High | G16: Place Order modal is open | H16: Card='abcd-xyz' | I16: 1. Fill Name and an invalid card 2. Click 'Purchase' | J16: Purchase is rejected with a card-format error | K16: Defect reproduced on Chromium and WebKit (DEF-03): Error: The purchase was CONFIRMED although it should have been rejected Expected: "rejected" Received: "confirmed" (Automated run 2026-09-28) | L16: Fail | M16: Yes | N16: Suspected defect DEF-03: no card validation in client code | Priority raised to High to match DEF-03 severity. Expected result follows common industry practice: DemoBlaze publishes no requirement for this. Confirm with PO.
A17: CART-021 | B17: Cart | C17: Validation | D17: Invalid month and year | E17: Negative | F17: Medium | G17: Place Order modal is open | H17: Month=13, Year='abcd' / Year=2000 | I17: 1. Fill Name, Card, invalid Month/Year 2. Click 'Purchase' | J17: Purchase is rejected with a date error (invalid or expired) | K17: Defect reproduced on Chromium and WebKit (DEF-04): Error: The purchase was CONFIRMED although it should have been rejected Expected: "rejected" Received: "confirmed" (Automated run 2026-09-28) | L17: Fail | M17: Yes | N17: Suspected defect DEF-04: Month/Year not validated | Expected result follows common industry practice: DemoBlaze publishes no requirement for this. Confirm with PO.
A18: CART-022 | B18: Cart | C18: Validation | D18: Place an order with an empty cart | E18: Negative | F18: High | G18: Cart is empty | H18: Valid Name, Card | I18: 1. Open Cart 2. Click 'Place Order', fill Name and Card 3. Click 'Purchase' | J18: Order is blocked (button disabled or error 'Cart is empty') | K18: Defect reproduced on Chromium and WebKit (DEF-02): Error: The purchase was CONFIRMED although it should have been rejected Expected: "rejected" Received: "confirmed" (Automated run 2026-09-27) | L18: Fail | M18: Yes | N18: Suspected defect DEF-02: purchase succeeds with 'Amount: 0 USD'
A19: CART-023 | B19: Cart | C19: Add to cart | D19: Invalid product id | E19: Negative | F19: Low | G19: - | H19: prod.html?idp_=99999 | I19: 1. Open prod.html?idp_=99999 | J19: A 'product not found' message; no 'Add to cart' of a non-existent product | K19: Defect reproduced on Chromium and WebKit (DEF-12): Error: expect(locator).not.toBeVisible() failed Expected: not visible Received: visible (Automated run 2026-09-28) | L19: Fail | M19: Yes | N19: Suspected defect DEF-12 (confirmed). Expected result follows common industry practice: DemoBlaze publishes no requirement for this. Confirm with PO.
A20: CART-024 | B20: Cart | C20: Validation | D20: Whitespace-only Name and Credit card | E20: Negative | F20: Medium | G20: Place Order modal is open | H20: Name=' ', Card=' ' | I20: 1. Enter spaces only 2. Click 'Purchase' | J20: Treated as empty: alert 'Please fill out Name and Creditcard.' | K20: Defect reproduced on Chromium and WebKit (DEF-05): Error: The purchase was CONFIRMED although it should have been rejected Expected: "rejected" Received: "confirmed" (Automated run 2026-09-28) | L20: Fail | M20: Yes | N20: Suspected defect DEF-05: only == '' is checked
A21: CART-025 | B21: Cart | C21: Place order | D21: Confirmation shows today's date correctly | E21: Edge | F21: Medium | G21: Cart has items | H21: Valid order data | I21: 1. Complete a purchase 2. Read 'Date' in the dialog | J21: Date equals today's date (D/M/YYYY) | K21: Defect reproduced on Chromium and WebKit (DEF-06): Error: expect(received).toBe(expected) // Object.is equality Expected: "27/9/2026" Received: "27/8/2026" (Automated run 2026-09-27) | L21: Fail | M21: Yes | N21: Suspected defect DEF-06: getMonth() is 0-based, month is off by one
A22: CART-026 | B22: Cart | C22: Persistence | D22: Guest cart after login | E22: Edge | F22: Medium | G22: User logged out with items in guest cart; account cart is empty | H22: - | I22: 1. Log in 2. Open Cart | J22: Guest items are merged into the account cart (clarify rule with PO) | K22: Blocked: the expected rule is not defined. Awaiting PO decision. | L22: Blocked | M22: Yes | N22: Per source, guest and user carts are separate -> guest items disappear
A23: CART-027 | B23: Cart | C23: Isolation | D23: Carts are isolated between users | E23: Edge | F23: High | G23: Users A and B; A has items, B has an empty cart | H23: - | I23: 1. Log in as B 2. Open Cart | J23: B does not see any of A's items | K23: As expected on Chromium and WebKit. (Automated run 2026-09-28) | L23: Pass | M23: Yes
A24: CART-028 | B24: Cart | C24: Total | D24: Large cart (10+ items) | E24: Edge | F24: Low | G24: User is logged in; cart is empty | H24: 10 products | I24: 1. Add 10 products 2. Open Cart | J24: All 10 rows listed; Total equals the exact sum | K24: As expected on Chromium and WebKit. Re-run after a first attempt failed (see Change Log). (Automated run 2026-09-28) | L24: Pass | M24: Yes | N24: Rows load asynchronously, one request each
A25: CART-029 | B25: Cart | C25: Concurrency | D25: Double-click 'Add to cart' | E25: Edge | F25: Low | G25: User is logged in; cart is empty | H25: - | I25: 1. Double-click 'Add to cart' quickly 2. Open Cart | J25: Number of rows matches the number of confirmed 'Product added.' alerts | K25: As expected on Chromium and WebKit. (Automated run 2026-09-28) | L25: Pass | M25: Yes | N25: Manual/exploratory
A26: CART-030 | B26: Cart | C26: Place order | D26: Very long / special-character input in order form | E26: Edge | F26: Low | G26: Place Order modal is open | H26: Name=500 chars incl. <b>x</b>; Card=50 digits | I26: 1. Fill fields 2. Click 'Purchase' | J26: Input is validated or rendered as plain text; dialog layout is not broken; no HTML is interpreted | K26: As expected on Chromium and WebKit. (Automated run 2026-09-28) | L26: Pass | M26: Yes
A27: CART-031 | B27: Cart | C27: Consistency | D27: Cart state across two tabs | E27: Edge | F27: Low | G27: Cart open in tabs A and B | H27: - | I27: 1. Delete an item in tab A 2. Reload tab B | J27: Tab B no longer shows the deleted item; Total matches tab A | K27: As expected on Chromium and WebKit. Re-run after a first attempt failed (see Change Log). (Automated run 2026-09-28) | L27: Pass | M27: Yes
A28: CART-032 | B28: Cart | C28: Consistency | D28: 'Product added' alert text is consistent | E28: Edge | F28: Low | G28: - | H28: - | I28: 1. Add a product as guest 2. Add a product as a logged-in user | J28: Same confirmation message in both cases | K28: Evidence from CART-001 (guest) and CART-002 (user) runs: guest alert "Product added" vs user alert "Product added." (DEF-07). (Automated run 2026-09-27) | L28: Fail | M28: Yes | N28: Suspected defect DEF-07: guest 'Product added' vs user 'Product added.'
A29: CART-033 | B29: Cart | C29: Security | D29: Card number is masked on the purchase confirmation | E29: Negative | F29: High | G29: Cart has items | H29: Card=4111111111111111 | I29: 1. Complete a purchase 2. Read 'Card Number' in the confirmation | J29: Only the last 4 digits are shown (e.g. **** **** **** 1111), per PCI-DSS | K29: Full 16-digit card number shown in all 8 purchase confirmations of this run (DEF-10). (Automated run 2026-09-27) | L29: Fail | M29: Yes | N29: Suspected defect DEF-10 (confirmed)
A30: CART-034 | B30: Cart | C30: Error handling | D30: Add to cart when the API is unavailable | E30: Negative | F30: High | G30: On a product page; /addtocart request fails (network error or 5xx) | H30: Any product | I30: 1. Block or fail the POST /addtocart request 2. Click 'Add to cart' | J30: A clear error message is shown; the user is not told or led to believe the product was added | K30: Defect reproduced on Chromium and WebKit (DEF-11): Error: The action failed silently: no alert and no inline error message Expected: true Received: false (Automated run 2026-09-28) | L30: Fail | M30: Yes | N30: Suspected defect DEF-11: addToCart() has no error callback, so the failure is silent. Automatable by aborting the route. Expected result follows common industry practice: DemoBlaze publishes no requirement for this. Confirm with PO.
A31: CART-035 | B31: Cart | C31: Add to cart | D31: Add a product reached through a category filter | E31: Functional | F31: Medium | G31: User is logged in; cart is empty | H31: Category 'Laptops' → Sony vaio i5 | I31: 1. Click 'Laptops' in CATEGORIES 2. Open 'Sony vaio i5' 3. Click 'Add to cart' 4. Open Cart | J31: Only laptops are listed after filtering; the product is added with the correct title and price | K31: As expected on Chromium and WebKit. Re-run after a first attempt failed (see Change Log). (Automated run 2026-09-28) | L31: Pass | M31: Yes | N31: Category list is rendered by a separate code path (byCat())
A32: CART-036 | B32: Cart | C32: Add to cart | D32: Add a product from the second page of the catalogue | E32: Functional | F32: Low | G32: User is logged in; cart is empty | H32: Any product on page 2 | I32: 1. Click 'Next' under the product grid 2. Open a product from page 2 3. Add it to the cart and open Cart | J32: Page 2 shows different products; the chosen product is added correctly | K32: As expected on Chromium and WebKit. (Automated run 2026-09-28) | L32: Pass | M32: Yes | N32: Pagination has its own code path; page-2 card images link to '#' in the source
A33: CART-037 | B33: Cart | C33: Place order | D33: Cart is cleared even when OK is clicked immediately after purchase | E33: Edge | F33: Medium | G33: User is logged in; cart has items | H33: Valid order data | I33: 1. Complete a purchase 2. Click 'OK' on the confirmation immediately 3. Open Cart | J33: Cart is empty (the order must not depend on how fast the user clicks OK) | K33: Observed once on WebKit: cart still held 2 items after purchase. Intermittent (timing-dependent). See DEF-09. (2026-09-26) | L33: Fail | M33: Yes | N33: Suspected defect DEF-09 (observed once). The regular suite waits for /deletecart before OK, so it does not cover this timing on purpose
A34: CART-038 | B34: Cart | C34: Total | D34: Total is exact for products with a decimal price | E34: Edge | F34: Low | G34: A product priced with decimals exists (e.g. 99.50) | H34: Product priced 99.50 + product priced 10.25 | I34: 1. Add both products 2. Open Cart | J34: Total = 109.75 | K34: Blocked: needs a product with a decimal price; the live catalogue has whole-number prices only and test products cannot be seeded. | L34: Blocked | M34: No | N34: Risk from source: cart.js sums parseInt(price), which drops decimals. Current catalogue has whole-number prices only, so this needs seeded test data

Sheet API & Performance
A1: TC ID | B1: Type | C1: Title | D1: Target | E1: Expected Result | F1: Actual Result | G1: Status | H1: Automated test
A2: E2E-001 | B2: E2E | C2: A registered user logs in, adds a product and places an order (UI only) | D2: UI: home → product → cart → order | E2: Login succeeds; cart lists the product and total; confirmation matches; cart empty afterwards | F2: As expected on Chromium and WebKit. (Automated run 2026-09-27) | G2: Pass | H2: tests/ui/purchase-flow.spec.ts
A3: API-001 | B3: API | C3: GET /entries returns the first page of products | D3: GET /entries | E3: 200, JSON; every item has id, title, price, cat; LastEvaluatedKey present | F3: As expected on API. (Automated run 2026-09-27) | G3: Pass | H3: tests/api/demoblaze-api.spec.ts
A4: API-002 | B4: API | C4: POST /view returns one product by id | D4: POST /view | E4: id, title and price match the catalogue | F4: As expected on API. (Automated run 2026-09-27) | G4: Pass | H4: tests/api/demoblaze-api.spec.ts
A5: API-003 | B5: API | C5: POST /bycat returns only the requested category | D5: POST /bycat | E5: Non-empty; every item has the requested cat (phone, notebook, monitor) | F5: As expected on API. (Automated run 2026-09-27) | G5: Pass | H5: tests/api/demoblaze-api.spec.ts
A6: API-004 | B6: API | C6: Valid login returns a token that resolves to the user | D6: POST /login, POST /check | E6: Token returned; /check returns the same username | F6: As expected on API. (Automated run 2026-09-27) | G6: Pass | H6: tests/api/demoblaze-api.spec.ts
A7: API-005 | B7: API | C7: Wrong password is rejected | D7: POST /login | E7: { errorMessage: 'Wrong password.' } | F7: As expected on API. (Automated run 2026-09-27) | G7: Pass | H7: tests/api/demoblaze-api.spec.ts
A8: API-006 | B8: API | C8: Unknown username is rejected | D8: POST /login | E8: { errorMessage: 'User does not exist.' } | F8: As expected on API. (Automated run 2026-09-27) | G8: Pass | H8: tests/api/demoblaze-api.spec.ts
A9: API-007 | B9: API | C9: Signing up an existing username is rejected | D9: POST /signup | E9: { errorMessage: 'This user already exist.' } | F9: As expected on API. (Automated run 2026-09-27) | G9: Pass | H9: tests/api/demoblaze-api.spec.ts
A10: API-008 | B10: API | C10: A forged token is not accepted as a session | D10: POST /check | E10: No user resolved | F10: As expected on API. (Automated run 2026-09-27) | G10: Pass | H10: tests/api/demoblaze-api.spec.ts
A11: API-009 | B11: API | C11: Add, view and delete cart lines | D11: /addtocart, /viewcart, /deleteitem | E11: Lines added, listed, deleted one by one; cart empty at the end | F11: As expected on API. (Automated run 2026-09-27) | G11: Pass | H11: tests/api/demoblaze-api.spec.ts
A12: PERF-001 | B12: Performance | C12: Home page load and catalogue render within budget | D12: index.html | E12: DOMContentLoaded < 5 s, load < 10 s, grid visible < 8 s (configurable) | F12: As expected on Chromium. (Automated run 2026-09-27) | G12: Pass | H12: tests/performance/performance.spec.ts
... A16: PERF-005 | B16: Performance | C16: A small concurrent burst is served correctly | D16: GET /entries x5 | E16: All 200; p95 < 2 s | F16: As expected on Chromium. (Automated run 2026-09-27) | G16: Pass | H16: tests/performance/performance.spec.ts

Sheet Findings
A1: ID | B1: Area | C1: Suspected defect | D1: Evidence (client source code) | E1: Severity | F1: Covered by | G1: Confirmed on run?
A2: DEF-01 | B2: Login | C2: Whitespace-only username/password is sent to the server instead of being rejected as empty | D2: logIn(): if (pass == "" || username == "") | E2: Medium | F2: LOGIN-021 | G2: Yes — LOGIN-021 (2026-09-26): spaces are sent to the server, which answers "Wrong password." — an account named " " exists, so whitespace-only usernames can even be registered | Re-confirmed 2026-09-27 (LOGIN-021)
A3: DEF-02 | B3: Checkout | C3: An order can be placed with an empty cart (Amount: 0 USD) | D3: purchaseOrder() never checks the cart / total | E3: High | F3: CART-022 | G3: Yes — CART-022 (2026-09-26): purchase confirmed with an empty cart | Re-confirmed 2026-09-27 (CART-022)
A4: DEF-03 | B4: Checkout | C4: Credit card number is not validated (any text accepted) | D4: purchaseOrder() only checks card == "" | E4: High | F4: CART-020 | G4: Yes — CART-020 (2026-09-28): card "abcd-xyz" accepted, Chromium and WebKit
A5: DEF-04 | B5: Checkout | C5: Month and Year are not validated (invalid/expired dates accepted) | D5: #month / #year are never read by purchaseOrder() | E5: Medium | F5: CART-021 | G5: Yes — CART-021 (2026-09-28): month 13 / year "abcd" and year 2000 both accepted, Chromium and WebKit
A6: DEF-05 | B6: Checkout | C6: Whitespace-only Name / Credit card accepted | D6: purchaseOrder(): if (name == "" || creditcard == "") | E6: Medium | F6: CART-024 | G6: Yes — CART-024 (2026-09-28): whitespace-only Name and Card accepted, Chromium and WebKit
A7: DEF-06 | B7: Checkout | C7: Confirmation date shows the previous month | D7: "Date: " + date.getDate() + "/" + date.getMonth() + ... (getMonth() is 0-based) | E7: Medium | F7: CART-025 | G7: Yes — CART-025 (2026-09-26): confirmation showed 25/8/2026 on 25/9/2026 | Re-confirmed 2026-09-27 (CART-025)
A8: DEF-07 | B8: Cart | C8: Different confirmation text for guest vs logged-in add to cart | D8: addToCart(): alert("Product added") vs alert("Product added.") | E8: Low | F8: CART-032 | G8: Yes — CART-001 / CART-002 (2026-09-26): guest "Product added", user "Product added." | Re-confirmed 2026-09-27 (CART-032)
A9: DEF-08 | B9: Login | C9: Enter key does not submit the login form | D9: Login <form> has no submit button; 'Log in' is type=button with onClick | E9: Low | F9: LOGIN-026 | G9: Yes — LOGIN-026 (2026-09-28): Enter in the password field does not submit, Chromium and WebKit
A10: DEF-09 | B10: Checkout | C10: Cart can stay full after a successful purchase if OK is clicked on the confirmation before the background /deletecart request completes | D10: purchaseOrder(): deleteCart() is fire-and-forget; OK sets location.href = "index.html" immediately. Observed on WebKit: /viewcart still returned 2 lines after the purchase | E10: Medium | F10: CART-037 | G10: Observed once on WebKit (2026-09-26, 1 of 2 repeats) when OK was clicked immediately; timing-dependent
A11: DEF-10 | B11: Checkout | C11: Purchase confirmation displays the full credit card number | D11: purchaseOrder(): "Card Number: " + creditcard (no masking). Confirmed in the automated runs' confirmation text | E11: High | F11: CART-033 | G11: Yes — CART-012 / E2E-001 runs (2026-09-26): full 16 digits shown | Re-confirmed 2026-09-27 (CART-033)
A12: DEF-11 | B12: Login / Cart | C12: No user feedback when an API request fails (login, add to cart, cart load) | D12: Every $.ajax call in index.js, prod.js and cart.js has a success callback only, no error callback | E12: Medium | F12: LOGIN-029, CART-034 | G12: Yes — LOGIN-029 and CART-034 (2026-09-28): aborted /login and /addtocart give no alert or message, Chromium and WebKit
... A15: DEF-14 | B15: Catalogue data | C15: Product title 'Sony vaio i7' is stored with a trailing newline ('Sony vaio i7\n') | D15: GET /entries and POST /bycat return "title": "Sony vaio i7\n". Browsers hide it, but exact-match search, sorting or exports would not | E15: Low | F15: CART-028, CART-035 (found while automating) | G15: Yes — API response (2026-09-28)
A17: Source: static reading of https://www.demoblaze.com/js/index.js, cart.js, prod.js (2026-09-25). These are suspected until confirmed by executing the linked test case; fill column G after the run.

Sheet Change Log
A1: Date | B1: Change | C1: Cases | D1: Reason
A2: 2026-09-25 | B2: Created | C2: LOGIN-001..028, CART-001..032, DEF-01..08 | D2: Initial design from the site's client-side source
A3: 2026-09-26 | B3: Executed | C3: Login, Cart, API & Performance | D3: Status and Actual Result filled from the automated run (Chromium + WebKit)
A4: 2026-09-26 | B4: Merged | C4: LOGIN-007 → LOGIN-001 | D4: Password masking is one check on the same modal
A5: 2026-09-26 | B5: Merged | C5: LOGIN-004 → LOGIN-003 | D5: Same mechanism (session cookie) as reload/navigation
A6: 2026-09-26 | B6: Merged | C6: LOGIN-012, LOGIN-013 → LOGIN-011 | D6: One rule; kept as 3 data sets
A7: 2026-09-26 | B7: Merged | C7: CART-003 → CART-002 | D7: Layout is checked on the same page visit
A8: 2026-09-26 | B8: Merged | C8: CART-009 → CART-008 | D8: Same server-side persistence; new session kept as a step
A9: 2026-09-26 | B9: Merged | C9: CART-011 → CART-012 | D9: Modal check is the first step of the purchase
A10: 2026-09-26 | B10: Merged | C10: CART-018, CART-019 → CART-017 | D10: One rule; kept as 3 data sets
A11: 2026-09-26 | B11: Added | C11: CART-033 | D11: Card number shown unmasked on confirmation (DEF-10, confirmed)
A12: 2026-09-26 | B12: Added | C12: LOGIN-029, CART-034 | D12: No feedback when an API call fails (DEF-11)
... A27: 2026-09-28 | B27: Added | C27: DEF-12, DEF-13, DEF-14 | D27: Found by the new runs; see Findings
